cmdhqlbbh0003re986qbexhzv,Chicago,chicago,United States,North America,America/Chicago,chicago-icon.png,2025-07-24 18:39:29.932,2025-08-12 06:57:38.476,https://images.unsplash.com/photo-1676694090990-b9e29828fdd3?crop=entropy&cs=tinysrgb&fit=max&fm=jpg&ixid=M3wxMzE4NDN8MHwxfHNlYXJjaHwxfHxDaGljYWdvJTIwc2t5bGluZSUyMGxhbmRzY2FwZXxlbnwxfDB8fHwxNzU0OTgxNjMxfDA&ixlib=rb-4.1.0&q=80&w=1080
cmdhqlbbh0006re982b1gm68v,Seattle,seattle,United States,North America,America/Los_Angeles,seattle-icon.png,2025-07-24 18:39:29.932,2025-08-12 06:57:41.739,https://images.unsplash.com/photo-1549092196-6f877d6b54bb?crop=entropy&cs=tinysrgb&fit=max&fm=jpg&ixid=M3wxMzE4NDN8MHwxfHNlYXJjaHwxfHxTZWF0dGxlJTIwc2t5bGluZSUyMGxhbmRzY2FwZXxlbnwxfDB8fHwxNzU0OTgxNjM2fDA&ixlib=rb-4.1.0&q=80&w=1080
cmdhqlbbh0008re98w1woyvp2,Miami,miami,United States,North America,America/New_York,miami-icon.png,2025-07-24 18:39:29.932,2025-08-12 06:57:43.881,https://images.unsplash.com/photo-1585189771777-f2d14628fbd4?crop=entropy&cs=tinysrgb&fit=max&fm=jpg&ixid=M3wxMzE4NDN8MHwxfHNlYXJjaHwxfHxNaWFtaSUyMHNreWxpbmUlMjBsYW5kc2NhcGV8ZW58MXwwfHx8MTc1NDk4MTYzOXww&ixlib=rb-4.1.0&q=80&w=1080
cmdhqlbbh000bre98briopr98,Philadelphia,philly,United States,North America,America/New_York,philly-icon.png,2025-07-24 18:39:29.932,2025-08-12 06:57:47.087,https://images.unsplash.com/photo-1581909811589-a1317515f20c?crop=entropy&cs=tinysrgb&fit=max&fm=jpg&ixid=M3wxMzE4NDN8MHwxfHNlYXJjaHwxfHxQaGlsYWRlbHBoaWElMjBza3lsaW5lJTIwbGFuZHNjYXBlfGVufDF8MHx8fDE3NTQ5ODE2NDR8MA&ixlib=rb-4.1.0&q=80&w=1080
cmdhqlbbh000ere98o67f3wt2,Portland,portland,United States,North America,America/Los_Angeles,portland-icon.png,2025-07-24 18:39:29.932,2025-08-12 06:57:50.292,https://images.unsplash.com/photo-1645934431438-5b836be32221?crop=entropy&cs=tinysrgb&fit=max&fm=jpg&ixid=M3wxMzE4NDN8MHwxfHNlYXJjaHwxfHxQb3J0bGFuZCUyMHNreWxpbmUlMjBsYW5kc2NhcGV8ZW58MXwwfHx8MTc1NDk4MTY0OXww&ixlib=rb-4.1.0&q=80&w=1080
cmdhqlbbh000hre98z0fg6i0x,Dallas,dallas,United States,North America,America/Chicago,dallas-icon.png,2025-07-24 18:39:29.932,2025-08-12 06:57:53.541,https://images.unsplash.com/photo-1614561688138-2135bc7a5c68?crop=entropy&cs=tinysrgb&fit=max&fm=jpg&ixid=M3wxMzE4NDN8MHwxfHNlYXJjaHwxfHxEYWxsYXMlMjBza3lsaW5lJTIwbGFuZHNjYXBlfGVufDF8MHx8fDE3NTQ5ODE2NTN8MA&ixlib=rb-4.1.0&q=80&w=1080
cmdhqlbbh000jre98gfgtfli0,Toronto,toronto,Canada,North America,America/Toronto,toronto-icon.png,2025-07-24 18:39:29.932,2025-08-12 06:57:55.676,https://images.unsplash.com/photo-1602513525551-87b56bf5e9a8?crop=entropy&cs=tinysrgb&fit=max&fm=jpg&ixid=M3wxMzE4NDN8MHwxfHNlYXJjaHwxfHxUb3JvbnRvJTIwc2t5bGluZSUyMGxhbmRzY2FwZXxlbnwxfDB8fHwxNzU0OTgxNjU3fDA&ixlib=rb-4.1.0&q=80&w=1080
cmdhqlbbi000mre987qq11hau,Calgary,calgary,Canada,North America,America/Edmonton,calgary-icon.png,2025-07-24 18:39:29.932,2025-08-12 06:57:58.88,https://images.unsplash.com/photo-1556847375-474dd8f11506?crop=entropy&cs=tinysrgb&fit=max&fm=jpg&ixid=M3wxMzE4NDN8MHwxfHNlYXJjaHwxfHxDYWxnYXJ5JTIwc2t5bGluZSUyMGxhbmRzY2FwZXxlbnwxfDB8fHwxNzU0OTgxNjYyfDA&ixlib=rb-4.1.0&q=80&w=1080
cmdhqlbbi000pre98oolrn6l4,Honolulu,hnl,United States,North America,Pacific/Honolulu,hnl-icon.png,2025-07-24 18:39:29.932,2025-08-12 06:58:02.086,https://images.unsplash.com/photo-1574502757458-57c806e33780?crop=entropy&cs=tinysrgb&fit=max&fm=jpg&ixid=M3wxMzE4NDN8MHwxfHNlYXJjaHwxfHxIb25vbHVsdSUyMHNreWxpbmUlMjBsYW5kc2NhcGV8ZW58MXwwfHx8MTc1NDk4MTY2Nnww&ixlib=rb-4.1.0&q=80&w=1080
cmdhqlbbi000rre980mj81rto,Paris,paris,France,Europe,Europe/Paris,paris-icon.png,2025-07-24 18:39:29.932,2025-08-12 06:58:04.223,https://images.unsplash.com/photo-1699076702974-7e194a0b6804?crop=entropy&cs=tinysrgb&fit=max&fm=jpg&ixid=M3wxMzE4NDN8MHwxfHNlYXJjaHwxfHxQYXJpcyUyMHNreWxpbmUlMjBsYW5kc2NhcGV8ZW58MXwwfHx8MTc1NDk4MTY2OXww&ixlib=rb-4.1.0&q=80&w=1080
cmdhqlbbi000ure985anjhvom,Barcelona,bcn,Spain,Europe,Europe/Madrid,bcn-icon.png,2025-07-24 18:39:29.932,2025-08-12 06:58:07.464,https://images.unsplash.com/photo-1587113271726-5c1aba665440?crop=entropy&cs=tinysrgb&fit=max&fm=jpg&ixid=M3wxMzE4NDN8MHwxfHNlYXJjaHwxfHxCYXJjZWxvbmElMjBza3lsaW5lJTIwbGFuZHNjYXBlfGVufDF8MHx8fDE3NTQ5ODE2NzR8MA&ixlib=rb-4.1.0&q=80&w=1080
cmdhqlbbi000xre98730ytb6j,Stockholm,stockholm,Sweden,Europe,Europe/Stockholm,stockholm-icon.png,2025-07-24 18:39:29.932,2025-08-12 06:58:10.664,https://images.unsplash.com/photo-1711721548718-40418562e928?crop=entropy&cs=tinysrgb&fit=max&fm=jpg&ixid=M3wxMzE4NDN8MHwxfHNlYXJjaHwxfHxTdG9ja2hvbG0lMjBza3lsaW5lJTIwbGFuZHNjYXBlfGVufDF8MHx8fDE3NTQ5ODE2Nzl8MA&ixlib=rb-4.1.0&q=80&w=1080
cmdhqlbbi0010re989b5do0qv,Helsinki,helsinki,Finland,Europe,Europe/Helsinki,helsinki-icon.png,2025-07-24 18:39:29.932,2025-08-12 06:58:13.929,https://images.unsplash.com/photo-1648382076530-94b3eb973ab8?crop=entropy&cs=tinysrgb&fit=max&fm=jpg&ixid=M3wxMzE4NDN8MHwxfHNlYXJjaHwxfHxIZWxzaW5raSUyMHNreWxpbmUlMjBsYW5kc2NhcGV8ZW58MXwwfHx8MTc1NDk4MTY4NHww&ixlib=rb-4.1.0&q=80&w=1080
cmdhqlbbi0013re98o1lcq6te,Geneva,geneva,Switzerland,Europe,Europe/Zurich,geneva-icon.png,2025-07-24 18:39:29.932,2025-08-12 06:58:17.159,https://images.unsplash.com/photo-1696448022220-4d357587ddac?crop=entropy&cs=tinysrgb&fit=max&fm=jpg&ixid=M3wxMzE4NDN8MHwxfHNlYXJjaHwxfHxHZW5ldmElMjBza3lsaW5lJTIwbGFuZHNjYXBlfGVufDF8MHx8fDE3NTQ5ODE2ODh8MA&ixlib=rb-4.1.0&q=80&w=1080
cmdhqlbbi0016re983xhhzgbf,Prague,prague,Czech Republic,Europe,Europe/Prague,prague-icon.png,2025-07-24 18:39:29.932,2025-08-12 06:58:20.361,https://images.unsplash.com/photo-1583523553895-307cccdb647f?crop=entropy&cs=tinysrgb&fit=max&fm=jpg&ixid=M3wxMzE4NDN8MHwxfHNlYXJjaHwxfHxQcmFndWUlMjBza3lsaW5lJTIwbGFuZHNjYXBlfGVufDF8MHx8fDE3NTQ5ODE2OTN8MA&ixlib=rb-4.1.0&q=80&w=1080
cmdhqlbbi0019re98wvjq0k9k,Tel Aviv,telaviv,Israel,Europe,Asia/Jerusalem,telaviv-icon.png,2025-07-24 18:39:29.932,2025-08-12 06:58:23.632,https://images.unsplash.com/photo-1578829842846-945cc6b68c1f?crop=entropy&cs=tinysrgb&fit=max&fm=jpg&ixid=M3wxMzE4NDN8MHwxfHNlYXJjaHwxfHxUZWwlMjBBdml2JTIwc2t5bGluZSUyMGxhbmRzY2FwZXxlbnwxfDB8fHwxNzU0OTgxNjk4fDA&ixlib=rb-4.1.0&q=80&w=1080
cmdhqlbbi001bre98ltrai1ug,Singapore,sg,Singapore,Asia & Pacific,Asia/Singapore,sg-icon.png,2025-07-24 18:39:29.932,2025-08-12 06:58:25.78,https://images.unsplash.com/photo-1727880676753-9ba90268d3ce?crop=entropy&cs=tinysrgb&fit=max&fm=jpg&ixid=M3wxMzE4NDN8MHwxfHNlYXJjaHwxfHxTaW5nYXBvcmUlMjBza3lsaW5lJTIwbGFuZHNjYXBlfGVufDF8MHx8fDE3NTQ5ODE3MDF8MA&ixlib=rb-4.1.0&q=80&w=1080
cmdhqlbbi001ere988yqjjycd,Sydney,sydney,Australia,Asia & Pacific,Australia/Sydney,sydney-icon.png,2025-07-24 18:39:29.932,2025-08-12 06:58:28.985,https://images.unsplash.com/photo-1667992501579-b6d13aedca18?crop=entropy&cs=tinysrgb&fit=max&fm=jpg&ixid=M3wxMzE4NDN8MHwxfHNlYXJjaHwxfHxTeWRuZXklMjBza3lsaW5lJTIwbGFuZHNjYXBlfGVufDF8MHx8fDE3NTQ5ODE3MDZ8MA&ixlib=rb-4.1.0&q=80&w=1080
cmdhqlbbi001hre98cm76usgm,Bangalore,bangalore,India,Asia & Pacific,Asia/Kolkata,bangalore-icon.png,2025-07-24 18:39:29.932,2025-08-12 06:58:32.187,https://images.unsplash.com/photo-1572526369666-d09b14e2872c?crop=entropy&cs=tinysrgb&fit=max&fm=jpg&ixid=M3wxMzE4NDN8MHwxfHNlYXJjaHwxfHxCYW5nYWxvcmUlMjBza3lsaW5lJTIwbGFuZHNjYXBlfGVufDF8MHx8fDE3NTQ5ODE3MTB8MA&ixlib=rb-4.1.0&q=80&w=1080
cmdhqlbbj001kre98hwv8ss52,Jakarta,jakarta,Indonesia,Asia & Pacific,Asia/Jakarta,jakarta-icon.png,2025-07-24 18:39:29.932,2025-08-12 06:58:35.386,https://images.unsplash.com/photo-1676536947900-ed3438751ed1?crop=entropy&cs=tinysrgb&fit=max&fm=jpg&ixid=M3wxMzE4NDN8MHwxfHNlYXJjaHwxfHxKYWthcnRhJTIwc2t5bGluZSUyMGxhbmRzY2FwZXxlbnwxfDB8fHwxNzU0OTgxNzE1fDA&ixlib=rb-4.1.0&q=80&w=1080
cmdhqlbbh0000re9893x7u7vn,New York City,nyc,United States,North America,America/New_York,nyc-icon.png,2025-07-24 18:39:29.932,2025-08-12 06:57:35.214,https://images.unsplash.com/photo-1578879279270-f1a166ab29f8?crop=entropy&cs=tinysrgb&fit=max&fm=jpg&ixid=M3wxMzE4NDN8MHwxfHNlYXJjaHwxfHxOZXclMjBZb3JrJTIwQ2l0eSUyMHNreWxpbmUlMjBsYW5kc2NhcGV8ZW58MXwwfHx8MTc1NDk4MTYyN3ww&ixlib=rb-4.1.0&q=80&w=1080
cmdhqlbbh0001re988pz4klzy,Los Angeles,la,United States,North America,America/Los_Angeles,la-icon.png,2025-07-24 18:39:29.932,2025-08-12 06:57:36.334,https://images.unsplash.com/photo-1677827635012-d9c18b4dab68?crop=entropy&cs=tinysrgb&fit=max&fm=jpg&ixid=M3wxMzE4NDN8MHwxfHNlYXJjaHwxfHxMb3MlMjBBbmdlbGVzJTIwc2t5bGluZSUyMGxhbmRzY2FwZXxlbnwxfDB8fHwxNzU0OTgxNjI4fDA&ixlib=rb-4.1.0&q=80&w=1080
cmdhqlbbh0002re98r4bfkzny,San Francisco,sf,United States,North America,America/Los_Angeles,sf-icon.png,2025-07-24 18:39:29.932,2025-08-12 06:57:37.405,https://images.unsplash.com/photo-1515386078358-daf436633fba?crop=entropy&cs=tinysrgb&fit=max&fm=jpg&ixid=M3wxMzE4NDN8MHwxfHNlYXJjaHwxfHxTYW4lMjBGcmFuY2lzY28lMjBza3lsaW5lJTIwbGFuZHNjYXBlfGVufDF8MHx8fDE3NTQ5ODE2MzB8MA&ixlib=rb-4.1.0&q=80&w=1080
cmdhqlbbh0004re98bzuabbsx,Boston,boston,United States,North America,America/New_York,boston-icon.png,2025-07-24 18:39:29.932,2025-08-12 06:57:39.579,https://images.unsplash.com/photo-1595039761394-823e673a40a3?crop=entropy&cs=tinysrgb&fit=max&fm=jpg&ixid=M3wxMzE4NDN8MHwxfHNlYXJjaHwxfHxCb3N0b24lMjBza3lsaW5lJTIwbGFuZHNjYXBlfGVufDF8MHx8fDE3NTQ5ODE2MzN8MA&ixlib=rb-4.1.0&q=80&w=1080
cmdhqlbbh0005re987trgi2vj,Washington DC,dc,United States,North America,America/New_York,dc-icon.png,2025-07-24 18:39:29.932,2025-08-12 06:57:40.669,https://images.unsplash.com/photo-1656897132922-946c02ef9699?crop=entropy&cs=tinysrgb&fit=max&fm=jpg&ixid=M3wxMzE4NDN8MHwxfHNlYXJjaHwxfHxXYXNoaW5ndG9uJTIwREMlMjBza3lsaW5lJTIwbGFuZHNjYXBlfGVufDF8MHx8fDE3NTQ5ODE2MzV8MA&ixlib=rb-4.1.0&q=80&w=1080
cmdhqlbbh0007re98468hq0no,Austin,austin,United States,North America,America/Chicago,austin-icon.png,2025-07-24 18:39:29.932,2025-08-12 06:57:42.807,https://images.unsplash.com/photo-1576340537066-786ec8c9553a?crop=entropy&cs=tinysrgb&fit=max&fm=jpg&ixid=M3wxMzE4NDN8MHwxfHNlYXJjaHwxfHxBdXN0aW4lMjBza3lsaW5lJTIwbGFuZHNjYXBlfGVufDF8MHx8fDE3NTQ5ODE2Mzh8MA&ixlib=rb-4.1.0&q=80&w=1080
cmdhqlbbh0009re980m7g1mrp,Denver,denver,United States,North America,America/Denver,denver-icon.png,2025-07-24 18:39:29.932,2025-08-12 06:57:44.954,https://images.unsplash.com/photo-1445462357936-a1ae5e6706a6?crop=entropy&cs=tinysrgb&fit=max&fm=jpg&ixid=M3wxMzE4NDN8MHwxfHNlYXJjaHwxfHxEZW52ZXIlMjBza3lsaW5lJTIwbGFuZHNjYXBlfGVufDF8MHx8fDE3NTQ5ODE2NDF8MA&ixlib=rb-4.1.0&q=80&w=1080
cmdhqlbbh000are98jaqaorfz,Las Vegas,vegas,United States,North America,America/Los_Angeles,vegas-icon.png,2025-07-24 18:39:29.932,2025-08-12 06:57:46.018,https://images.unsplash.com/photo-1458252786639-fb0dfc2e502b?crop=entropy&cs=tinysrgb&fit=max&fm=jpg&ixid=M3wxMzE4NDN8MHwxfHNlYXJjaHwxfHxMYXMlMjBWZWdhcyUyMHNreWxpbmUlMjBsYW5kc2NhcGV8ZW58MXwwfHx8MTc1NDk4MTY0M3ww&ixlib=rb-4.1.0&q=80&w=1080
cmdhqlbbh000cre98fobj8q0d,Phoenix,phx,United States,North America,America/Phoenix,phx-icon.png,2025-07-24 18:39:29.932,2025-08-12 06:57:48.158,https://images.unsplash.com/photo-1551609350-d4c86394ddcd?crop=entropy&cs=tinysrgb&fit=max&fm=jpg&ixid=M3wxMzE4NDN8MHwxfHNlYXJjaHwxfHxQaG9lbml4JTIwc2t5bGluZSUyMGxhbmRzY2FwZXxlbnwxfDB8fHwxNzU0OTgxNjQ2fDA&ixlib=rb-4.1.0&q=80&w=1080
cmdhqlbbh000dre98y1beydcu,San Diego,sd,United States,North America,America/Los_Angeles,sd-icon.png,2025-07-24 18:39:29.932,2025-08-12 06:57:49.226,https://images.unsplash.com/photo-1635810304439-2f31c57d01f2?crop=entropy&cs=tinysrgb&fit=max&fm=jpg&ixid=M3wxMzE4NDN8MHwxfHNlYXJjaHwxfHxTYW4lMjBEaWVnbyUyMHNreWxpbmUlMjBsYW5kc2NhcGV8ZW58MXwwfHx8MTc1NDk4MTY0N3ww&ixlib=rb-4.1.0&q=80&w=1080
cmdhqlbbh000fre98fljgvg97,Salt Lake City,slc,United States,North America,America/Denver,slc-icon.png,2025-07-24 18:39:29.932,2025-08-12 06:57:51.404,https://images.unsplash.com/photo-1610141369426-bc6044caef17?crop=entropy&cs=tinysrgb&fit=max&fm=jpg&ixid=M3wxMzE4NDN8MHwxfHNlYXJjaHwxfHxTYWx0JTIwTGFrZSUyMENpdHklMjBza3lsaW5lJTIwbGFuZHNjYXBlfGVufDF8MHx8fDE3NTQ5ODE2NTB8MA&ixlib=rb-4.1.0&q=80&w=1080
cmdhqlbbh000gre9837aumbeu,Atlanta,atlanta,United States,North America,America/New_York,atlanta-icon.png,2025-07-24 18:39:29.932,2025-08-12 06:57:52.473,https://images.unsplash.com/photo-1481478666248-8dcfc798506f?crop=entropy&cs=tinysrgb&fit=max&fm=jpg&ixid=M3wxMzE4NDN8MHwxfHNlYXJjaHwxfHxBdGxhbnRhJTIwc2t5bGluZSUyMGxhbmRzY2FwZXxlbnwxfDB8fHwxNzU0OTgxNjUyfDA&ixlib=rb-4.1.0&q=80&w=1080
cmdhqlbbh000ire98hblng4se,Houston,houston,United States,North America,America/Chicago,houston-icon.png,2025-07-24 18:39:29.932,2025-08-12 06:57:54.609,https://images.unsplash.com/photo-1626764473782-ce194f3f872c?crop=entropy&cs=tinysrgb&fit=max&fm=jpg&ixid=M3wxMzE4NDN8MHwxfHNlYXJjaHwxfHxIb3VzdG9uJTIwc2t5bGluZSUyMGxhbmRzY2FwZXxlbnwxfDB8fHwxNzU0OTgxNjU1fDA&ixlib=rb-4.1.0&q=80&w=1080
cmdhqlbbh000kre98l98hkfgz,Vancouver,vancouver,Canada,North America,America/Vancouver,vancouver-icon.png,2025-07-24 18:39:29.932,2025-08-12 06:57:56.745,https://images.unsplash.com/photo-1553855804-7ad694208f0c?crop=entropy&cs=tinysrgb&fit=max&fm=jpg&ixid=M3wxMzE4NDN8MHwxfHNlYXJjaHwxfHxWYW5jb3V2ZXIlMjBza3lsaW5lJTIwbGFuZHNjYXBlfGVufDF8MHx8fDE3NTQ5ODE2NTl8MA&ixlib=rb-4.1.0&q=80&w=1080
cmdhqlbbi000lre98gbrgvj56,Montreal,montreal,Canada,North America,America/Montreal,montreal-icon.png,2025-07-24 18:39:29.932,2025-08-12 06:57:57.814,https://images.unsplash.com/photo-1723921027368-c19d7f757fbd?crop=entropy&cs=tinysrgb&fit=max&fm=jpg&ixid=M3wxMzE4NDN8MHwxfHNlYXJjaHwxfHxNb250cmVhbCUyMHNreWxpbmUlMjBsYW5kc2NhcGV8ZW58MXwwfHx8MTc1NDk4MTY2MHww&ixlib=rb-4.1.0&q=80&w=1080
cmdhqlbbi000nre98xsb3rj66,Waterloo,waterloo,Canada,North America,America/Toronto,waterloo-icon.png,2025-07-24 18:39:29.932,2025-08-12 06:57:59.948,https://images.unsplash.com/photo-1485714177951-92190783981a?crop=entropy&cs=tinysrgb&fit=max&fm=jpg&ixid=M3wxMzE4NDN8MHwxfHNlYXJjaHwxfHxXYXRlcmxvbyUyMHNreWxpbmUlMjBsYW5kc2NhcGV8ZW58MXwwfHx8MTc1NDk4MTY2M3ww&ixlib=rb-4.1.0&q=80&w=1080
cmdhqlbbj001nre98z8jmxzzj,Ho Chi Minh City,hcm,Vietnam,Asia & Pacific,Asia/Ho_Chi_Minh,hcm-icon.png,2025-07-24 18:39:29.932,2025-08-12 06:58:38.652,https://images.unsplash.com/photo-1636681097851-0a1baa540bca?crop=entropy&cs=tinysrgb&fit=max&fm=jpg&ixid=M3wxMzE4NDN8MHwxfHNlYXJjaHwxfHxIbyUyMENoaSUyME1pbmglMjBDaXR5JTIwc2t5bGluZSUyMGxhbmRzY2FwZXxlbnwxfDB8fHwxNzU0OTgxNzIwfDA&ixlib=rb-4.1.0&q=80&w=1080
cmdhqlbbj001qre98p83jgkc6,São Paulo,sp,Brazil,South America,America/Sao_Paulo,sp-icon.png,2025-07-24 18:39:29.932,2025-08-12 06:58:41.855,https://images.unsplash.com/photo-1612549671702-7c8f4854ed33?crop=entropy&cs=tinysrgb&fit=max&fm=jpg&ixid=M3wxMzE4NDN8MHwxfHNlYXJjaHwxfHxTJUMzJUEzbyUyMFBhdWxvJTIwc2t5bGluZSUyMGxhbmRzY2FwZXxlbnwxfDB8fHwxNzU0OTgxNzI0fDA&ixlib=rb-4.1.0&q=80&w=1080
cmdhqlbbj001tre98y8fiuwud,Bogotá,bogota,Colombia,South America,America/Bogota,bogota-icon.png,2025-07-24 18:39:29.932,2025-08-12 06:58:45.062,https://images.unsplash.com/photo-1611148261486-4e315d904232?crop=entropy&cs=tinysrgb&fit=max&fm=jpg&ixid=M3wxMzE4NDN8MHwxfHNlYXJjaHwxfHxCb2dvdCVDMyVBMSUyMHNreWxpbmUlMjBsYW5kc2NhcGV8ZW58MXwwfHx8MTc1NDk4MTcyOXww&ixlib=rb-4.1.0&q=80&w=1080
cmdhqlbbj001vre9837vqxh9p,Lagos,lagos,Nigeria,Africa,Africa/Lagos,lagos-icon.png,2025-07-24 18:39:29.932,2025-08-12 06:58:47.211,https://images.unsplash.com/photo-1651776127603-b7a723a4cbc5?crop=entropy&cs=tinysrgb&fit=max&fm=jpg&ixid=M3wxMzE4NDN8MHwxfHNlYXJjaHwxfHxMYWdvcyUyMHNreWxpbmUlMjBsYW5kc2NhcGV8ZW58MXwwfHx8MTc1NDk4MTczMnww&ixlib=rb-4.1.0&q=80&w=1080
cmdhqlbbi000ore987p1xa6fi,Mexico City,cdmx,Mexico,North America,America/Mexico_City,cdmx-icon.png,2025-07-24 18:39:29.932,2025-08-12 06:58:01.014,https://images.unsplash.com/photo-1717388835452-c9c8cda0002e?crop=entropy&cs=tinysrgb&fit=max&fm=jpg&ixid=M3wxMzE4NDN8MHwxfHNlYXJjaHwxfHxNZXhpY28lMjBDaXR5JTIwc2t5bGluZSUyMGxhbmRzY2FwZXxlbnwxfDB8fHwxNzU0OTgxNjY1fDA&ixlib=rb-4.1.0&q=80&w=1080
cmdhqlbbi000qre98s7xq9ygm,London,london,United Kingdom,Europe,Europe/London,london-icon.png,2025-07-24 18:39:29.932,2025-08-12 06:58:03.153,https://images.unsplash.com/photo-1490642914619-7955a3fd483c?crop=entropy&cs=tinysrgb&fit=max&fm=jpg&ixid=M3wxMzE4NDN8MHwxfHNlYXJjaHwxfHxMb25kb24lMjBza3lsaW5lJTIwbGFuZHNjYXBlfGVufDF8MHx8fDE3NTQ5ODE2Njh8MA&ixlib=rb-4.1.0&q=80&w=1080
cmdhqlbbi000sre98dd66xxtt,Berlin,berlin,Germany,Europe,Europe/Berlin,berlin-icon.png,2025-07-24 18:39:29.932,2025-08-12 06:58:05.288,https://images.unsplash.com/photo-1592161461911-fe78a33235a4?crop=entropy&cs=tinysrgb&fit=max&fm=jpg&ixid=M3wxMzE4NDN8MHwxfHNlYXJjaHwxfHxCZXJsaW4lMjBza3lsaW5lJTIwbGFuZHNjYXBlfGVufDF8MHx8fDE3NTQ5ODE2NzF8MA&ixlib=rb-4.1.0&q=80&w=1080
cmdhqlbbi000tre98yvcvbfpd,Amsterdam,ams,Netherlands,Europe,Europe/Amsterdam,ams-icon.png,2025-07-24 18:39:29.932,2025-08-12 06:58:06.352,https://images.unsplash.com/photo-1571657370423-23ee8d7fd497?crop=entropy&cs=tinysrgb&fit=max&fm=jpg&ixid=M3wxMzE4NDN8MHwxfHNlYXJjaHwxfHxBbXN0ZXJkYW0lMjBza3lsaW5lJTIwbGFuZHNjYXBlfGVufDF8MHx8fDE3NTQ5ODE2NzN8MA&ixlib=rb-4.1.0&q=80&w=1080
cmdhqlbbi000vre98kr3hmqbd,Madrid,madrid,Spain,Europe,Europe/Madrid,madrid-icon.png,2025-07-24 18:39:29.932,2025-08-12 06:58:08.535,https://images.unsplash.com/photo-1647692771267-4bcd0d65bdff?crop=entropy&cs=tinysrgb&fit=max&fm=jpg&ixid=M3wxMzE4NDN8MHwxfHNlYXJjaHwxfHxNYWRyaWQlMjBza3lsaW5lJTIwbGFuZHNjYXBlfGVufDF8MHx8fDE3NTQ5ODE2NzZ8MA&ixlib=rb-4.1.0&q=80&w=1080
cmdhqlbbi000wre98di3wt20r,Milan,milan,Italy,Europe,Europe/Rome,milan-icon.png,2025-07-24 18:39:29.932,2025-08-12 06:58:09.599,https://images.unsplash.com/photo-1651856835287-e7a345e876e5?crop=entropy&cs=tinysrgb&fit=max&fm=jpg&ixid=M3wxMzE4NDN8MHwxfHNlYXJjaHwxfHxNaWxhbiUyMHNreWxpbmUlMjBsYW5kc2NhcGV8ZW58MXwwfHx8MTc1NDk4MTY3N3ww&ixlib=rb-4.1.0&q=80&w=1080
cmdhqlbbi000yre98vj4lb6p7,Copenhagen,cph,Denmark,Europe,Europe/Copenhagen,cph-icon.png,2025-07-24 18:39:29.932,2025-08-12 06:58:11.734,https://images.unsplash.com/photo-1548186879-9a93eed687ef?crop=entropy&cs=tinysrgb&fit=max&fm=jpg&ixid=M3wxMzE4NDN8MHwxfHNlYXJjaHwxfHxDb3BlbmhhZ2VuJTIwc2t5bGluZSUyMGxhbmRzY2FwZXxlbnwxfDB8fHwxNzU0OTgxNjgwfDA&ixlib=rb-4.1.0&q=80&w=1080
cmdhqlbbi000zre989yzktr34,Dublin,dublin,Ireland,Europe,Europe/Dublin,dublin-icon.png,2025-07-24 18:39:29.932,2025-08-12 06:58:12.857,https://images.unsplash.com/photo-1508676595553-9a4a25ce65db?crop=entropy&cs=tinysrgb&fit=max&fm=jpg&ixid=M3wxMzE4NDN8MHwxfHNlYXJjaHwxfHxEdWJsaW4lMjBza3lsaW5lJTIwbGFuZHNjYXBlfGVufDF8MHx8fDE3NTQ5ODE2ODJ8MA&ixlib=rb-4.1.0&q=80&w=1080
cmdhqlbbi0011re988cbgnrqc,Brussels,brussels,Belgium,Europe,Europe/Brussels,brussels-icon.png,2025-07-24 18:39:29.932,2025-08-12 06:58:14.999,https://images.unsplash.com/photo-1542360800-fd8395e2f2a2?crop=entropy&cs=tinysrgb&fit=max&fm=jpg&ixid=M3wxMzE4NDN8MHwxfHNlYXJjaHwxfHxCcnVzc2VscyUyMHNreWxpbmUlMjBsYW5kc2NhcGV8ZW58MXwwfHx8MTc1NDk4MTY4NXww&ixlib=rb-4.1.0&q=80&w=1080
cmdhqlbbi0012re98egdx1jtv,Zurich,zurich,Switzerland,Europe,Europe/Zurich,zurich-icon.png,2025-07-24 18:39:29.932,2025-08-12 06:58:16.094,https://images.unsplash.com/photo-1735484841411-d26bd2bffe0c?crop=entropy&cs=tinysrgb&fit=max&fm=jpg&ixid=M3wxMzE4NDN8MHwxfHNlYXJjaHwxfHxadXJpY2glMjBza3lsaW5lJTIwbGFuZHNjYXBlfGVufDF8MHx8fDE3NTQ5ODE2ODd8MA&ixlib=rb-4.1.0&q=80&w=1080
cmdhqlbbi0014re989dc1srmi,Lausanne,lausanne,Switzerland,Europe,Europe/Zurich,lausanne-icon.png,2025-07-24 18:39:29.932,2025-08-12 06:58:18.227,https://images.unsplash.com/photo-1559377240-b8e6053b6544?crop=entropy&cs=tinysrgb&fit=max&fm=jpg&ixid=M3wxMzE4NDN8MHwxfHNlYXJjaHwxfHxMYXVzYW5uZSUyMHNreWxpbmUlMjBsYW5kc2NhcGV8ZW58MXwwfHx8MTc1NDk4MTY5MHww&ixlib=rb-4.1.0&q=80&w=1080
cmdhqlbbi0015re98khli6dbp,Munich,munich,Germany,Europe,Europe/Berlin,munich-icon.png,2025-07-24 18:39:29.932,2025-08-12 06:58:19.291,https://images.unsplash.com/photo-1704709330931-b00878cd6425?crop=entropy&cs=tinysrgb&fit=max&fm=jpg&ixid=M3wxMzE4NDN8MHwxfHNlYXJjaHwxfHxNdW5pY2glMjBza3lsaW5lJTIwbGFuZHNjYXBlfGVufDF8MHx8fDE3NTQ5ODE2OTJ8MA&ixlib=rb-4.1.0&q=80&w=1080
cmdhqlbbi0017re98dyrd8p66,Lisbon,lisbon,Portugal,Europe,Europe/Lisbon,lisbon-icon.png,2025-07-24 18:39:29.932,2025-08-12 06:58:21.45,https://images.unsplash.com/photo-1672933914978-7c2fc61e899d?crop=entropy&cs=tinysrgb&fit=max&fm=jpg&ixid=M3wxMzE4NDN8MHwxfHNlYXJjaHwxfHxMaXNib24lMjBza3lsaW5lJTIwbGFuZHNjYXBlfGVufDF8MHx8fDE3NTQ5ODE2OTV8MA&ixlib=rb-4.1.0&q=80&w=1080
cmdhqlbbi0018re98ue06mlum,Istanbul,istanbul,Turkey,Europe,Europe/Istanbul,istanbul-icon.png,2025-07-24 18:39:29.932,2025-08-12 06:58:22.564,https://images.unsplash.com/photo-1687706222092-b6545828217d?crop=entropy&cs=tinysrgb&fit=max&fm=jpg&ixid=M3wxMzE4NDN8MHwxfHNlYXJjaHwxfHxJc3RhbmJ1bCUyMHNreWxpbmUlMjBsYW5kc2NhcGV8ZW58MXwwfHx8MTc1NDk4MTY5Nnww&ixlib=rb-4.1.0&q=80&w=1080
cmdhqlbbi001are981vyqdd28,Tokyo,tokyo,Japan,Asia & Pacific,Asia/Tokyo,tokyo-icon.png,2025-07-24 18:39:29.932,2025-08-12 06:58:24.712,https://images.unsplash.com/photo-1496112933996-1aa94ac8a23f?crop=entropy&cs=tinysrgb&fit=max&fm=jpg&ixid=M3wxMzE4NDN8MHwxfHNlYXJjaHwxfHxUb2t5byUyMHNreWxpbmUlMjBsYW5kc2NhcGV8ZW58MXwwfHx8MTc1NDk4MTcwMHww&ixlib=rb-4.1.0&q=80&w=1080
cmdhqlbbi001cre98to9qa8rw,Hong Kong,hk,Hong Kong,Asia & Pacific,Asia/Hong_Kong,hk-icon.png,2025-07-24 18:39:29.932,2025-08-12 06:58:26.853,https://images.unsplash.com/photo-1527741966618-e802ebe5b193?crop=entropy&cs=tinysrgb&fit=max&fm=jpg&ixid=M3wxMzE4NDN8MHwxfHNlYXJjaHwxfHxIb25nJTIwS29uZyUyMHNreWxpbmUlMjBsYW5kc2NhcGV8ZW58MXwwfHx8MTc1NDk4MTcwM3ww&ixlib=rb-4.1.0&q=80&w=1080
cmdhqlbbi001dre98urk12ewh,Seoul,seoul,South Korea,Asia & Pacific,Asia/Seoul,seoul-icon.png,2025-07-24 18:39:29.932,2025-08-12 06:58:27.921,https://images.unsplash.com/photo-1440190727617-48b9b2c7e24b?crop=entropy&cs=tinysrgb&fit=max&fm=jpg&ixid=M3wxMzE4NDN8MHwxfHNlYXJjaHwxfHxTZW91bCUyMHNreWxpbmUlMjBsYW5kc2NhcGV8ZW58MXwwfHx8MTc1NDk4MTcwNHww&ixlib=rb-4.1.0&q=80&w=1080
cmdhqlbbi001fre98w6l0ruf8,Melbourne,mel,Australia,Asia & Pacific,Australia/Melbourne,mel-icon.png,2025-07-24 18:39:29.932,2025-08-12 06:58:30.053,https://images.unsplash.com/photo-1735624291711-32c11c72cc4e?crop=entropy&cs=tinysrgb&fit=max&fm=jpg&ixid=M3wxMzE4NDN8MHwxfHNlYXJjaHwxfHxNZWxib3VybmUlMjBza3lsaW5lJTIwbGFuZHNjYXBlfGVufDF8MHx8fDE3NTQ5ODE3MDd8MA&ixlib=rb-4.1.0&q=80&w=1080
cmdhqlbbi001gre981mirz6uf,Mumbai,mumbai,India,Asia & Pacific,Asia/Kolkata,mumbai-icon.png,2025-07-24 18:39:29.932,2025-08-12 06:58:31.12,https://images.unsplash.com/photo-1573328243071-93a01f865248?crop=entropy&cs=tinysrgb&fit=max&fm=jpg&ixid=M3wxMzE4NDN8MHwxfHNlYXJjaHwxfHxNdW1iYWklMjBza3lsaW5lJTIwbGFuZHNjYXBlfGVufDF8MHx8fDE3NTQ5ODE3MDl8MA&ixlib=rb-4.1.0&q=80&w=1080
cmdhqlbbi001ire98fanaxz35,New Delhi,newdelhi,India,Asia & Pacific,Asia/Kolkata,newdelhi-icon.png,2025-07-24 18:39:29.932,2025-08-12 06:58:33.25,https://images.unsplash.com/photo-1599230080795-a48439229cb7?crop=entropy&cs=tinysrgb&fit=max&fm=jpg&ixid=M3wxMzE4NDN8MHwxfHNlYXJjaHwxfHxOZXclMjBEZWxoaSUyMHNreWxpbmUlMjBsYW5kc2NhcGV8ZW58MXwwfHx8MTc1NDk4MTcxMnww&ixlib=rb-4.1.0&q=80&w=1080
cmdhqlbbi001jre985c4n93m9,Bangkok,bangkok,Thailand,Asia & Pacific,Asia/Bangkok,bangkok-icon.png,2025-07-24 18:39:29.932,2025-08-12 06:58:34.318,https://images.unsplash.com/photo-1706008434257-f50d6ec7d107?crop=entropy&cs=tinysrgb&fit=max&fm=jpg&ixid=M3wxMzE4NDN8MHwxfHNlYXJjaHwxfHxCYW5na29rJTIwc2t5bGluZSUyMGxhbmRzY2FwZXxlbnwxfDB8fHwxNzU0OTgxNzE0fDA&ixlib=rb-4.1.0&q=80&w=1080
cmdhqlbbj001lre98tn28y1rp,Kuala Lumpur,kl,Malaysia,Asia & Pacific,Asia/Kuala_Lumpur,kl-icon.png,2025-07-24 18:39:29.932,2025-08-12 06:58:36.459,https://images.unsplash.com/photo-1750337858420-04b607da13ed?crop=entropy&cs=tinysrgb&fit=max&fm=jpg&ixid=M3wxMzE4NDN8MHwxfHNlYXJjaHwxfHxLdWFsYSUyMEx1bXB1ciUyMHNreWxpbmUlMjBsYW5kc2NhcGV8ZW58MXwwfHx8MTc1NDk4MTcxN3ww&ixlib=rb-4.1.0&q=80&w=1080
cmdhqlbbj001mre98yovmzjm3,Manila,manila,Philippines,Asia & Pacific,Asia/Manila,manila-icon.png,2025-07-24 18:39:29.932,2025-08-12 06:58:37.539,https://images.unsplash.com/photo-1602253396430-e805dc528e97?crop=entropy&cs=tinysrgb&fit=max&fm=jpg&ixid=M3wxMzE4NDN8MHwxfHNlYXJjaHwxfHxNYW5pbGElMjBza3lsaW5lJTIwbGFuZHNjYXBlfGVufDF8MHx8fDE3NTQ5ODE3MTh8MA&ixlib=rb-4.1.0&q=80&w=1080
cmdhqlbbj001ore988zui1235,Taipei,taipei,Taiwan,Asia & Pacific,Asia/Taipei,taipei-icon.png,2025-07-24 18:39:29.932,2025-08-12 06:58:39.719,https://images.unsplash.com/photo-1583560306723-4e50a15636c8?crop=entropy&cs=tinysrgb&fit=max&fm=jpg&ixid=M3wxMzE4NDN8MHwxfHNlYXJjaHwxfHxUYWlwZWklMjBza3lsaW5lJTIwbGFuZHNjYXBlfGVufDF8MHx8fDE3NTQ5ODE3MjF8MA&ixlib=rb-4.1.0&q=80&w=1080
cmdhqlbbj001pre98vh8nj9cu,Dubai,dubai,United Arab Emirates,Asia & Pacific,Asia/Dubai,dubai-icon.png,2025-07-24 18:39:29.932,2025-08-12 06:58:40.786,https://images.unsplash.com/photo-1712772120658-0e383b15a5a7?crop=entropy&cs=tinysrgb&fit=max&fm=jpg&ixid=M3wxMzE4NDN8MHwxfHNlYXJjaHwxfHxEdWJhaSUyMHNreWxpbmUlMjBsYW5kc2NhcGV8ZW58MXwwfHx8MTc1NDk4MTcyM3ww&ixlib=rb-4.1.0&q=80&w=1080
cmdhqlbbj001rre98lxsnlfd9,Rio de Janeiro,rio,Brazil,South America,America/Sao_Paulo,rio-icon.png,2025-07-24 18:39:29.932,2025-08-12 06:58:42.923,https://images.unsplash.com/photo-1713721010281-b5a32969efcc?crop=entropy&cs=tinysrgb&fit=max&fm=jpg&ixid=M3wxMzE4NDN8MHwxfHNlYXJjaHwxfHxSaW8lMjBkZSUyMEphbmVpcm8lMjBza3lsaW5lJTIwbGFuZHNjYXBlfGVufDF8MHx8fDE3NTQ5ODE3MjZ8MA&ixlib=rb-4.1.0&q=80&w=1080
cmdhqlbbj001sre98fxotbssf,Buenos Aires,ba,Argentina,South America,America/Argentina/Buenos_Aires,ba-icon.png,2025-07-24 18:39:29.932,2025-08-12 06:58:43.995,https://images.unsplash.com/photo-1446575314900-feb82d28fa8a?crop=entropy&cs=tinysrgb&fit=max&fm=jpg&ixid=M3wxMzE4NDN8MHwxfHNlYXJjaHwxfHxCdWVub3MlMjBBaXJlcyUyMHNreWxpbmUlMjBsYW5kc2NhcGV8ZW58MXwwfHx8MTc1NDk4MTcyN3ww&ixlib=rb-4.1.0&q=80&w=1080
cmdhqlbbj001ure98yo12qwro,Medellín,medellin,Colombia,South America,America/Bogota,medellin-icon.png,2025-07-24 18:39:29.932,2025-08-12 06:58:46.139,https://images.unsplash.com/photo-1440151811653-bfe5b15e7976?crop=entropy&cs=tinysrgb&fit=max&fm=jpg&ixid=M3wxMzE4NDN8MHwxfHNlYXJjaHwxfHxNZWRlbGwlQzMlQURuJTIwc2t5bGluZSUyMGxhbmRzY2FwZXxlbnwxfDB8fHwxNzU0OTgxNzMwfDA&ixlib=rb-4.1.0&q=80&w=1080
cmdhqlbbj001wre98pz2de7y3,Nairobi,nairobi,Kenya,Africa,Africa/Nairobi,nairobi-icon.png,2025-07-24 18:39:29.932,2025-08-12 06:58:48.315,https://images.unsplash.com/photo-1741991109886-90e70988f27b?crop=entropy&cs=tinysrgb&fit=max&fm=jpg&ixid=M3wxMzE4NDN8MHwxfHNlYXJjaHwxfHxOYWlyb2JpJTIwc2t5bGluZSUyMGxhbmRzY2FwZXxlbnwxfDB8fHwxNzU0OTgxNzM0fDA&ixlib=rb-4.1.0&q=80&w=1080
